{
  "Geoffroy Peeters": [
    0.0217,
    0.0221,
    0.9592
  ],
  "Slim Essid": [
    0.5012,
    0.021,
    0.4808
  ],
  "Mathieu Fontaine": [
    0.011699999999999999,
    0.495,
    0.4963
  ],
  "Ekhiñe Irurozki": [
    0.9701,
    0.0165,
    0.0164
  ],
  "Gaël Richard": [
    0.9739,
    0.014499999999999999,
    0.014499999999999999
  ],
  "Roland Badeau": [
    0.0137,
    0.9758,
    0.013600000000000001
  ],
  "Philippe Ciblat": [
    0.0137,
    0.9758,
    0.013600000000000001
  ],
  "Ons Jelassi": [
    0.9539,
    0.0245,
    0.0247
  ]
}