Topic,Valeur
Signal Processing,0.7387533414566435
Time Series Analysis,0.733837432112933
Fourier Transform,0.7207571735612686
Signal Detection,0.7333306808820039
Cross-validation,0.7321327730582182
Machine Listening and Music Information Retrieval (MIR),0.7317167036891074
Random Forests,0.7291907098539676
Dimensionality Reduction,0.7344035805027159
Signal Modeling,0.7318030622842707
Reinforcement Learning,0.7276287801293404
